<?xml version="1.0" encoding="UTF-8"?><font><info face="ArkanoidFontBruh" size="72" bold="0" italic="0" charset="" unicode="1" stretchH="100" smooth="1" aa="1" padding="1,1,1,1" spacing="1,1"/><common lineHeight="72" base="54" scaleW="394" scaleH="394" pages="1" packed="0"/><pages><page id="0" file="Unnamed.png"/></pages><chars count="91"><char id="32" x="0" y="0" width="0" height="0" xoffset="0" yoffset="0" xadvance="37" page="0" chnl="15"/><!--   --><char id="33" x="372" y="0" width="14" height="42" xoffset="11" yoffset="15" xadvance="40" page="0" chnl="15"/><!-- ! --><char id="34" x="186" y="348" width="28" height="20" xoffset="4" yoffset="15" xadvance="40" page="0" chnl="15"/><!-- " --><char id="35" x="183" y="305" width="42" height="42" xoffset="-3" yoffset="15" xadvance="40" page="0" chnl="15"/><!-- # --><char id="36" x="0" y="0" width="42" height="50" xoffset="-3" yoffset="11" xadvance="40" page="0" chnl="15"/><!-- $ --><char id="37" x="0" y="352" width="42" height="42" xoffset="-3" yoffset="15" xadvance="40" page="0" chnl="15"/><!-- % --><char id="38" x="226" y="305" width="42" height="42" xoffset="-3" yoffset="15" xadvance="40" page="0" chnl="15"/><!-- & --><char id="39" x="215" y="348" width="14" height="20" xoffset="11" yoffset="15" xadvance="40" page="0" chnl="15"/><!-- ' --><char id="40" x="373" y="86" width="21" height="42" xoffset="11" yoffset="15" xadvance="40" page="0" chnl="15"/><!-- ( --><char id="41" x="373" y="219" width="21" height="42" xoffset="4" yoffset="15" xadvance="40" page="0" chnl="15"/><!-- ) --><char id="42" x="43" y="348" width="34" height="34" xoffset="1" yoffset="19" xadvance="40" page="0" chnl="15"/><!-- * --><char id="43" x="93" y="348" width="28" height="28" xoffset="4" yoffset="22" xadvance="40" page="0" chnl="15"/><!-- + --><char id="44" x="230" y="348" width="14" height="17" xoffset="11" yoffset="44" xadvance="40" page="0" chnl="15"/><!-- , --><char id="45" x="245" y="348" width="28" height="14" xoffset="4" yoffset="29" xadvance="40" page="0" chnl="15"/><!-- - --><char id="46" x="317" y="348" width="14" height="13" xoffset="11" yoffset="44" xadvance="40" page="0" chnl="15"/><!-- . --><char id="47" x="82" y="305" width="42" height="42" xoffset="-3" yoffset="15" xadvance="40" page="0" chnl="15"/><!-- / --><char id="48" x="86" y="0" width="42" height="42" xoffset="-3" yoffset="15" xadvance="40" page="0" chnl="15"/><!-- 0 --><char id="49" x="129" y="0" width="27" height="42" xoffset="8" yoffset="15" xadvance="40" page="0" chnl="15"/><!-- 1 --><char id="50" x="157" y="0" width="42" height="42" xoffset="-3" yoffset="15" xadvance="40" page="0" chnl="15"/><!-- 2 --><char id="51" x="200" y="0" width="42" height="42" xoffset="-3" yoffset="15" xadvance="40" page="0" chnl="15"/><!-- 3 --><char id="52" x="243" y="0" width="42" height="42" xoffset="-3" yoffset="15" xadvance="40" page="0" chnl="15"/><!-- 4 --><char id="53" x="286" y="0" width="42" height="42" xoffset="-3" yoffset="15" xadvance="40" page="0" chnl="15"/><!-- 5 --><char id="54" x="329" y="0" width="42" height="42" xoffset="-3" yoffset="15" xadvance="40" page="0" chnl="15"/><!-- 6 --><char id="55" x="0" y="51" width="42" height="42" xoffset="-3" yoffset="15" xadvance="40" page="0" chnl="15"/><!-- 7 --><char id="56" x="43" y="47" width="42" height="42" xoffset="-3" yoffset="15" xadvance="40" page="0" chnl="15"/><!-- 8 --><char id="57" x="86" y="43" width="42" height="42" xoffset="-3" yoffset="15" xadvance="40" page="0" chnl="15"/><!-- 9 --><char id="58" x="78" y="348" width="14" height="28" xoffset="11" yoffset="22" xadvance="40" page="0" chnl="15"/><!-- : --><char id="59" x="371" y="305" width="14" height="39" xoffset="11" yoffset="22" xadvance="40" page="0" chnl="15"/><!-- ; --><char id="61" x="122" y="348" width="28" height="28" xoffset="4" yoffset="22" xadvance="40" page="0" chnl="15"/><!-- = --><char id="63" x="43" y="305" width="38" height="42" xoffset="1" yoffset="15" xadvance="40" page="0" chnl="15"/><!-- ? --><char id="64" x="140" y="305" width="42" height="42" xoffset="-3" yoffset="15" xadvance="40" page="0" chnl="15"/><!-- @ --><char id="65" x="86" y="172" width="42" height="42" xoffset="-3" yoffset="15" xadvance="40" page="0" chnl="15"/><!-- A --><char id="66" x="129" y="172" width="42" height="42" xoffset="-3" yoffset="15" xadvance="40" page="0" chnl="15"/><!-- B --><char id="67" x="172" y="172" width="42" height="42" xoffset="-3" yoffset="15" xadvance="40" page="0" chnl="15"/><!-- C --><char id="68" x="215" y="172" width="42" height="42" xoffset="-3" yoffset="15" xadvance="40" page="0" chnl="15"/><!-- D --><char id="69" x="258" y="172" width="42" height="42" xoffset="-3" yoffset="15" xadvance="40" page="0" chnl="15"/><!-- E --><char id="70" x="301" y="172" width="42" height="42" xoffset="-3" yoffset="15" xadvance="40" page="0" chnl="15"/><!-- F --><char id="71" x="344" y="172" width="42" height="42" xoffset="-3" yoffset="15" xadvance="40" page="0" chnl="15"/><!-- G --><char id="72" x="0" y="223" width="42" height="42" xoffset="-3" yoffset="15" xadvance="40" page="0" chnl="15"/><!-- H --><char id="73" x="43" y="219" width="28" height="42" xoffset="4" yoffset="15" xadvance="40" page="0" chnl="15"/><!-- I --><char id="74" x="72" y="219" width="42" height="42" xoffset="-3" yoffset="15" xadvance="40" page="0" chnl="15"/><!-- J --><char id="75" x="115" y="219" width="42" height="42" xoffset="-3" yoffset="15" xadvance="40" page="0" chnl="15"/><!-- K --><char id="76" x="158" y="219" width="42" height="42" xoffset="-3" yoffset="15" xadvance="40" page="0" chnl="15"/><!-- L --><char id="77" x="201" y="219" width="42" height="42" xoffset="-3" yoffset="15" xadvance="40" page="0" chnl="15"/><!-- M --><char id="78" x="244" y="219" width="42" height="42" xoffset="-3" yoffset="15" xadvance="40" page="0" chnl="15"/><!-- N --><char id="79" x="287" y="219" width="42" height="42" xoffset="-3" yoffset="15" xadvance="40" page="0" chnl="15"/><!-- O --><char id="80" x="330" y="219" width="42" height="42" xoffset="-3" yoffset="15" xadvance="40" page="0" chnl="15"/><!-- P --><char id="81" x="0" y="266" width="42" height="42" xoffset="-3" yoffset="15" xadvance="40" page="0" chnl="15"/><!-- Q --><char id="82" x="43" y="262" width="42" height="42" xoffset="-3" yoffset="15" xadvance="40" page="0" chnl="15"/><!-- R --><char id="83" x="86" y="262" width="42" height="42" xoffset="-3" yoffset="15" xadvance="40" page="0" chnl="15"/><!-- S --><char id="84" x="129" y="262" width="42" height="42" xoffset="-3" yoffset="15" xadvance="40" page="0" chnl="15"/><!-- T --><char id="85" x="172" y="262" width="42" height="42" xoffset="-3" yoffset="15" xadvance="40" page="0" chnl="15"/><!-- U --><char id="86" x="215" y="262" width="42" height="42" xoffset="-3" yoffset="15" xadvance="40" page="0" chnl="15"/><!-- V --><char id="87" x="258" y="262" width="42" height="42" xoffset="-3" yoffset="15" xadvance="40" page="0" chnl="15"/><!-- W --><char id="88" x="301" y="262" width="42" height="42" xoffset="-3" yoffset="15" xadvance="40" page="0" chnl="15"/><!-- X --><char id="89" x="344" y="262" width="42" height="42" xoffset="-3" yoffset="15" xadvance="40" page="0" chnl="15"/><!-- Y --><char id="90" x="0" y="309" width="42" height="42" xoffset="-3" yoffset="15" xadvance="40" page="0" chnl="15"/><!-- Z --><char id="91" x="327" y="305" width="21" height="42" xoffset="11" yoffset="15" xadvance="40" page="0" chnl="15"/><!-- [ --><char id="93" x="349" y="305" width="21" height="42" xoffset="4" yoffset="15" xadvance="40" page="0" chnl="15"/><!-- ] --><char id="94" x="151" y="348" width="34" height="24" xoffset="1" yoffset="19" xadvance="40" page="0" chnl="15"/><!-- ^ --><char id="95" x="274" y="348" width="42" height="13" xoffset="-3" yoffset="44" xadvance="40" page="0" chnl="15"/><!-- _ --><char id="97" x="129" y="43" width="42" height="42" xoffset="-3" yoffset="15" xadvance="40" page="0" chnl="15"/><!-- a --><char id="98" x="172" y="43" width="42" height="42" xoffset="-3" yoffset="15" xadvance="40" page="0" chnl="15"/><!-- b --><char id="99" x="215" y="43" width="42" height="42" xoffset="-3" yoffset="15" xadvance="40" page="0" chnl="15"/><!-- c --><char id="100" x="258" y="43" width="42" height="42" xoffset="-3" yoffset="15" xadvance="40" page="0" chnl="15"/><!-- d --><char id="101" x="301" y="43" width="42" height="42" xoffset="-3" yoffset="15" xadvance="40" page="0" chnl="15"/><!-- e --><char id="102" x="344" y="43" width="42" height="42" xoffset="-3" yoffset="15" xadvance="40" page="0" chnl="15"/><!-- f --><char id="103" x="0" y="94" width="42" height="42" xoffset="-3" yoffset="15" xadvance="40" page="0" chnl="15"/><!-- g --><char id="104" x="43" y="90" width="42" height="42" xoffset="-3" yoffset="15" xadvance="40" page="0" chnl="15"/><!-- h --><char id="105" x="86" y="86" width="28" height="42" xoffset="4" yoffset="15" xadvance="40" page="0" chnl="15"/><!-- i --><char id="106" x="115" y="86" width="42" height="42" xoffset="-3" yoffset="15" xadvance="40" page="0" chnl="15"/><!-- j --><char id="107" x="158" y="86" width="42" height="42" xoffset="-3" yoffset="15" xadvance="40" page="0" chnl="15"/><!-- k --><char id="108" x="201" y="86" width="42" height="42" xoffset="-3" yoffset="15" xadvance="40" page="0" chnl="15"/><!-- l --><char id="109" x="244" y="86" width="42" height="42" xoffset="-3" yoffset="15" xadvance="40" page="0" chnl="15"/><!-- m --><char id="110" x="287" y="86" width="42" height="42" xoffset="-3" yoffset="15" xadvance="40" page="0" chnl="15"/><!-- n --><char id="111" x="330" y="86" width="42" height="42" xoffset="-3" yoffset="15" xadvance="40" page="0" chnl="15"/><!-- o --><char id="112" x="0" y="137" width="42" height="42" xoffset="-3" yoffset="15" xadvance="40" page="0" chnl="15"/><!-- p --><char id="113" x="43" y="133" width="42" height="42" xoffset="-3" yoffset="15" xadvance="40" page="0" chnl="15"/><!-- q --><char id="114" x="86" y="129" width="42" height="42" xoffset="-3" yoffset="15" xadvance="40" page="0" chnl="15"/><!-- r --><char id="115" x="129" y="129" width="42" height="42" xoffset="-3" yoffset="15" xadvance="40" page="0" chnl="15"/><!-- s --><char id="116" x="172" y="129" width="42" height="42" xoffset="-3" yoffset="15" xadvance="40" page="0" chnl="15"/><!-- t --><char id="117" x="215" y="129" width="42" height="42" xoffset="-3" yoffset="15" xadvance="40" page="0" chnl="15"/><!-- u --><char id="118" x="258" y="129" width="42" height="42" xoffset="-3" yoffset="15" xadvance="40" page="0" chnl="15"/><!-- v --><char id="119" x="301" y="129" width="42" height="42" xoffset="-3" yoffset="15" xadvance="40" page="0" chnl="15"/><!-- w --><char id="120" x="344" y="129" width="42" height="42" xoffset="-3" yoffset="15" xadvance="40" page="0" chnl="15"/><!-- x --><char id="121" x="0" y="180" width="42" height="42" xoffset="-3" yoffset="15" xadvance="40" page="0" chnl="15"/><!-- y --><char id="122" x="43" y="176" width="42" height="42" xoffset="-3" yoffset="15" xadvance="40" page="0" chnl="15"/><!-- z --><char id="123" x="269" y="305" width="28" height="42" xoffset="4" yoffset="15" xadvance="40" page="0" chnl="15"/><!-- { --><char id="124" x="125" y="305" width="14" height="42" xoffset="11" yoffset="15" xadvance="40" page="0" chnl="15"/><!-- | --><char id="125" x="298" y="305" width="28" height="42" xoffset="4" yoffset="15" xadvance="40" page="0" chnl="15"/><!-- } --><char id="8470" x="43" y="0" width="42" height="46" xoffset="-3" yoffset="11" xadvance="40" page="0" chnl="15"/><!-- № --></chars></font>