<?xml version="1.0" encoding="UTF-8"?><font><info face="ArkanoidFont" size="16" bold="0" italic="0" charset="" unicode="1" stretchH="100" smooth="1" aa="1" padding="1,1,1,1" spacing="1,1"/><common lineHeight="16" base="26" scaleW="156" scaleH="164" pages="1" packed="0"/><pages><page id="0" file="Unnamed.png"/></pages><chars count="91"><char id="32" x="0" y="0" width="0" height="0" xoffset="0" yoffset="0" xadvance="5" page="0" chnl="15"/><!--   --><char id="33" x="142" y="91" width="8" height="18" xoffset="-1" yoffset="9" xadvance="6" page="0" chnl="15"/><!-- ! --><char id="34" x="22" y="152" width="10" height="12" xoffset="-1" yoffset="9" xadvance="8" page="0" chnl="15"/><!-- " --><char id="35" x="127" y="95" width="14" height="18" xoffset="-1" yoffset="9" xadvance="12" page="0" chnl="15"/><!-- # --><char id="36" x="127" y="114" width="14" height="18" xoffset="-1" yoffset="9" xadvance="12" page="0" chnl="15"/><!-- $ --><char id="37" x="0" y="35" width="16" height="18" xoffset="-1" yoffset="9" xadvance="14" page="0" chnl="15"/><!-- % --><char id="38" x="0" y="54" width="16" height="18" xoffset="-1" yoffset="9" xadvance="14" page="0" chnl="15"/><!-- & --><char id="39" x="112" y="152" width="8" height="10" xoffset="-1" yoffset="11" xadvance="6" page="0" chnl="15"/><!-- ' --><char id="40" x="127" y="57" width="14" height="18" xoffset="-1" yoffset="9" xadvance="12" page="0" chnl="15"/><!-- ( --><char id="41" x="127" y="76" width="14" height="18" xoffset="-1" yoffset="9" xadvance="12" page="0" chnl="15"/><!-- ) --><char id="42" x="0" y="149" width="14" height="14" xoffset="-1" yoffset="7" xadvance="12" page="0" chnl="15"/><!-- * --><char id="43" x="142" y="57" width="14" height="14" xoffset="-1" yoffset="11" xadvance="12" page="0" chnl="15"/><!-- + --><char id="44" x="97" y="152" width="8" height="10" xoffset="-1" yoffset="19" xadvance="6" page="0" chnl="15"/><!-- , --><char id="45" x="82" y="152" width="14" height="6" xoffset="-1" yoffset="17" xadvance="12" page="0" chnl="15"/><!-- - --><char id="46" x="127" y="152" width="8" height="8" xoffset="-1" yoffset="19" xadvance="6" page="0" chnl="15"/><!-- . --><char id="47" x="142" y="72" width="10" height="18" xoffset="-1" yoffset="9" xadvance="8" page="0" chnl="15"/><!-- / --><char id="48" x="0" y="73" width="14" height="18" xoffset="-1" yoffset="9" xadvance="12" page="0" chnl="15"/><!-- 0 --><char id="49" x="0" y="92" width="14" height="18" xoffset="-1" yoffset="9" xadvance="12" page="0" chnl="15"/><!-- 1 --><char id="50" x="0" y="111" width="14" height="18" xoffset="-1" yoffset="9" xadvance="12" page="0" chnl="15"/><!-- 2 --><char id="51" x="0" y="130" width="14" height="18" xoffset="-1" yoffset="9" xadvance="12" page="0" chnl="15"/><!-- 3 --><char id="52" x="22" y="0" width="14" height="18" xoffset="-1" yoffset="9" xadvance="12" page="0" chnl="15"/><!-- 4 --><char id="53" x="22" y="19" width="14" height="18" xoffset="-1" yoffset="9" xadvance="12" page="0" chnl="15"/><!-- 5 --><char id="54" x="22" y="38" width="14" height="18" xoffset="-1" yoffset="9" xadvance="12" page="0" chnl="15"/><!-- 6 --><char id="55" x="22" y="57" width="14" height="18" xoffset="-1" yoffset="9" xadvance="12" page="0" chnl="15"/><!-- 7 --><char id="56" x="22" y="76" width="14" height="18" xoffset="-1" yoffset="9" xadvance="12" page="0" chnl="15"/><!-- 8 --><char id="57" x="22" y="95" width="14" height="18" xoffset="-1" yoffset="9" xadvance="12" page="0" chnl="15"/><!-- 9 --><char id="58" x="142" y="146" width="8" height="14" xoffset="-1" yoffset="11" xadvance="6" page="0" chnl="15"/><!-- : --><char id="59" x="142" y="129" width="8" height="16" xoffset="-1" yoffset="11" xadvance="6" page="0" chnl="15"/><!-- ; --><char id="61" x="33" y="152" width="14" height="10" xoffset="-1" yoffset="13" xadvance="12" page="0" chnl="15"/><!-- = --><char id="63" x="127" y="38" width="14" height="18" xoffset="-1" yoffset="9" xadvance="12" page="0" chnl="15"/><!-- ? --><char id="64" x="0" y="16" width="18" height="18" xoffset="-1" yoffset="9" xadvance="16" page="0" chnl="15"/><!-- @ --><char id="65" x="82" y="0" width="14" height="18" xoffset="-1" yoffset="9" xadvance="12" page="0" chnl="15"/><!-- A --><char id="66" x="82" y="19" width="14" height="18" xoffset="-1" yoffset="9" xadvance="12" page="0" chnl="15"/><!-- B --><char id="67" x="82" y="38" width="14" height="18" xoffset="-1" yoffset="9" xadvance="12" page="0" chnl="15"/><!-- C --><char id="68" x="82" y="57" width="14" height="18" xoffset="-1" yoffset="9" xadvance="12" page="0" chnl="15"/><!-- D --><char id="69" x="82" y="76" width="14" height="18" xoffset="-1" yoffset="9" xadvance="12" page="0" chnl="15"/><!-- E --><char id="70" x="82" y="95" width="14" height="18" xoffset="-1" yoffset="9" xadvance="12" page="0" chnl="15"/><!-- F --><char id="71" x="82" y="114" width="14" height="18" xoffset="-1" yoffset="9" xadvance="12" page="0" chnl="15"/><!-- G --><char id="72" x="82" y="133" width="14" height="18" xoffset="-1" yoffset="9" xadvance="12" page="0" chnl="15"/><!-- H --><char id="73" x="97" y="0" width="14" height="18" xoffset="-1" yoffset="9" xadvance="12" page="0" chnl="15"/><!-- I --><char id="74" x="97" y="19" width="14" height="18" xoffset="-1" yoffset="9" xadvance="12" page="0" chnl="15"/><!-- J --><char id="75" x="97" y="38" width="14" height="18" xoffset="-1" yoffset="9" xadvance="12" page="0" chnl="15"/><!-- K --><char id="76" x="97" y="57" width="14" height="18" xoffset="-1" yoffset="9" xadvance="12" page="0" chnl="15"/><!-- L --><char id="77" x="97" y="76" width="14" height="18" xoffset="-1" yoffset="9" xadvance="12" page="0" chnl="15"/><!-- M --><char id="78" x="97" y="95" width="14" height="18" xoffset="-1" yoffset="9" xadvance="12" page="0" chnl="15"/><!-- N --><char id="79" x="97" y="114" width="14" height="18" xoffset="-1" yoffset="9" xadvance="12" page="0" chnl="15"/><!-- O --><char id="80" x="97" y="133" width="14" height="18" xoffset="-1" yoffset="9" xadvance="12" page="0" chnl="15"/><!-- P --><char id="81" x="112" y="0" width="14" height="18" xoffset="-1" yoffset="9" xadvance="12" page="0" chnl="15"/><!-- Q --><char id="82" x="112" y="19" width="14" height="18" xoffset="-1" yoffset="9" xadvance="12" page="0" chnl="15"/><!-- R --><char id="83" x="112" y="38" width="14" height="18" xoffset="-1" yoffset="9" xadvance="12" page="0" chnl="15"/><!-- S --><char id="84" x="112" y="57" width="14" height="18" xoffset="-1" yoffset="9" xadvance="12" page="0" chnl="15"/><!-- T --><char id="85" x="112" y="76" width="14" height="18" xoffset="-1" yoffset="9" xadvance="12" page="0" chnl="15"/><!-- U --><char id="86" x="112" y="95" width="14" height="18" xoffset="-1" yoffset="9" xadvance="12" page="0" chnl="15"/><!-- V --><char id="87" x="112" y="114" width="14" height="18" xoffset="-1" yoffset="9" xadvance="12" page="0" chnl="15"/><!-- W --><char id="88" x="112" y="133" width="14" height="18" xoffset="-1" yoffset="9" xadvance="12" page="0" chnl="15"/><!-- X --><char id="89" x="127" y="0" width="14" height="18" xoffset="-1" yoffset="9" xadvance="12" page="0" chnl="15"/><!-- Y --><char id="90" x="127" y="19" width="14" height="18" xoffset="-1" yoffset="9" xadvance="12" page="0" chnl="15"/><!-- Z --><char id="91" x="142" y="19" width="14" height="18" xoffset="-1" yoffset="9" xadvance="12" page="0" chnl="15"/><!-- [ --><char id="93" x="142" y="38" width="14" height="18" xoffset="-1" yoffset="9" xadvance="12" page="0" chnl="15"/><!-- ] --><char id="94" x="52" y="152" width="14" height="10" xoffset="-1" yoffset="1" xadvance="12" page="0" chnl="15"/><!-- ^ --><char id="95" x="67" y="152" width="14" height="6" xoffset="-1" yoffset="21" xadvance="12" page="0" chnl="15"/><!-- _ --><char id="97" x="22" y="114" width="14" height="18" xoffset="-1" yoffset="9" xadvance="12" page="0" chnl="15"/><!-- a --><char id="98" x="22" y="133" width="14" height="18" xoffset="-1" yoffset="9" xadvance="12" page="0" chnl="15"/><!-- b --><char id="99" x="37" y="0" width="14" height="18" xoffset="-1" yoffset="9" xadvance="12" page="0" chnl="15"/><!-- c --><char id="100" x="37" y="19" width="14" height="18" xoffset="-1" yoffset="9" xadvance="12" page="0" chnl="15"/><!-- d --><char id="101" x="37" y="38" width="14" height="18" xoffset="-1" yoffset="9" xadvance="12" page="0" chnl="15"/><!-- e --><char id="102" x="37" y="57" width="14" height="18" xoffset="-1" yoffset="9" xadvance="12" page="0" chnl="15"/><!-- f --><char id="103" x="37" y="76" width="14" height="18" xoffset="-1" yoffset="9" xadvance="12" page="0" chnl="15"/><!-- g --><char id="104" x="37" y="95" width="14" height="18" xoffset="-1" yoffset="9" xadvance="12" page="0" chnl="15"/><!-- h --><char id="105" x="37" y="114" width="14" height="18" xoffset="-1" yoffset="9" xadvance="12" page="0" chnl="15"/><!-- i --><char id="106" x="37" y="133" width="14" height="18" xoffset="-1" yoffset="9" xadvance="12" page="0" chnl="15"/><!-- j --><char id="107" x="52" y="0" width="14" height="18" xoffset="-1" yoffset="9" xadvance="12" page="0" chnl="15"/><!-- k --><char id="108" x="52" y="19" width="14" height="18" xoffset="-1" yoffset="9" xadvance="12" page="0" chnl="15"/><!-- l --><char id="109" x="52" y="38" width="14" height="18" xoffset="-1" yoffset="9" xadvance="12" page="0" chnl="15"/><!-- m --><char id="110" x="52" y="57" width="14" height="18" xoffset="-1" yoffset="9" xadvance="12" page="0" chnl="15"/><!-- n --><char id="111" x="52" y="76" width="14" height="18" xoffset="-1" yoffset="9" xadvance="12" page="0" chnl="15"/><!-- o --><char id="112" x="52" y="95" width="14" height="18" xoffset="-1" yoffset="9" xadvance="12" page="0" chnl="15"/><!-- p --><char id="113" x="52" y="114" width="14" height="18" xoffset="-1" yoffset="9" xadvance="12" page="0" chnl="15"/><!-- q --><char id="114" x="52" y="133" width="14" height="18" xoffset="-1" yoffset="9" xadvance="12" page="0" chnl="15"/><!-- r --><char id="115" x="67" y="0" width="14" height="18" xoffset="-1" yoffset="9" xadvance="12" page="0" chnl="15"/><!-- s --><char id="116" x="67" y="19" width="14" height="18" xoffset="-1" yoffset="9" xadvance="12" page="0" chnl="15"/><!-- t --><char id="117" x="67" y="38" width="14" height="18" xoffset="-1" yoffset="9" xadvance="12" page="0" chnl="15"/><!-- u --><char id="118" x="67" y="57" width="14" height="18" xoffset="-1" yoffset="9" xadvance="12" page="0" chnl="15"/><!-- v --><char id="119" x="67" y="76" width="14" height="18" xoffset="-1" yoffset="9" xadvance="12" page="0" chnl="15"/><!-- w --><char id="120" x="67" y="95" width="14" height="18" xoffset="-1" yoffset="9" xadvance="12" page="0" chnl="15"/><!-- x --><char id="121" x="67" y="114" width="14" height="18" xoffset="-1" yoffset="9" xadvance="12" page="0" chnl="15"/><!-- y --><char id="122" x="67" y="133" width="14" height="18" xoffset="-1" yoffset="9" xadvance="12" page="0" chnl="15"/><!-- z --><char id="123" x="127" y="133" width="14" height="18" xoffset="-1" yoffset="9" xadvance="12" page="0" chnl="15"/><!-- { --><char id="124" x="142" y="110" width="8" height="18" xoffset="-1" yoffset="9" xadvance="6" page="0" chnl="15"/><!-- | --><char id="125" x="142" y="0" width="14" height="18" xoffset="-1" yoffset="9" xadvance="12" page="0" chnl="15"/><!-- } --><char id="8470" x="0" y="0" width="21" height="15" xoffset="-2" yoffset="4" xadvance="16" page="0" chnl="15"/><!-- № --></chars></font>