<?xml version="1.0" encoding="UTF-8"?><font><info face="gameFont" size="20" bold="0" italic="0" charset="" unicode="1" stretchH="100" smooth="1" aa="1" padding="1,1,1,1" spacing="1,1"/><common lineHeight="20" base="20" scaleW="105" scaleH="102" pages="1" packed="0"/><pages><page id="0" file="Unnamed.png"/></pages><chars count="12"><char id="32" x="0" y="0" width="0" height="0" xoffset="0" yoffset="0" xadvance="20" page="0" chnl="15"/><!--   --><char id="48" x="0" y="0" width="26" height="26" xoffset="-3" yoffset="-3" xadvance="20" page="0" chnl="15"/><!-- 0 --><char id="49" x="81" y="0" width="24" height="26" xoffset="-1" yoffset="-3" xadvance="20" page="0" chnl="15"/><!-- 1 --><char id="50" x="0" y="27" width="26" height="26" xoffset="-3" yoffset="-3" xadvance="20" page="0" chnl="15"/><!-- 2 --><char id="51" x="0" y="54" width="26" height="26" xoffset="-3" yoffset="-3" xadvance="20" page="0" chnl="15"/><!-- 3 --><char id="52" x="27" y="0" width="26" height="26" xoffset="-3" yoffset="-3" xadvance="20" page="0" chnl="15"/><!-- 4 --><char id="53" x="27" y="27" width="26" height="26" xoffset="-3" yoffset="-3" xadvance="20" page="0" chnl="15"/><!-- 5 --><char id="54" x="27" y="54" width="26" height="26" xoffset="-3" yoffset="-3" xadvance="20" page="0" chnl="15"/><!-- 6 --><char id="55" x="54" y="0" width="26" height="26" xoffset="-3" yoffset="-3" xadvance="20" page="0" chnl="15"/><!-- 7 --><char id="56" x="54" y="27" width="26" height="26" xoffset="-3" yoffset="-3" xadvance="20" page="0" chnl="15"/><!-- 8 --><char id="57" x="54" y="54" width="26" height="26" xoffset="-3" yoffset="-3" xadvance="20" page="0" chnl="15"/><!-- 9 --><char id="120" x="0" y="81" width="26" height="21" xoffset="-3" yoffset="2" xadvance="20" page="0" chnl="15"/><!-- x --></chars></font>